"id";"serial";"valor";"created_at";"updated_at"
1;"0gr6l450hp";6843.63;"2022-08-06 09:29:55.494873";"2022-08-06 09:29:55.494873"
2;"epmui8uh78";6274.64;"2022-08-06 09:29:55.522015";"2022-08-06 09:29:55.522015"
3;"ratqc17hom";5518.47;"2022-08-06 09:29:55.543936";"2022-08-06 09:29:55.543936"
4;"ext762tu0p";14133.9;"2022-08-06 09:29:55.564352";"2022-08-06 09:29:55.564352"
5;"ykr1k8b6v6";10012.5;"2022-08-06 09:29:55.585463";"2022-08-06 09:29:55.585463"
6;"qjibjwi9oj";8590.08;"2022-08-06 09:29:55.607713";"2022-08-06 09:29:55.607713"
7;"ej6auwyd77";12916.7;"2022-08-06 09:29:55.629170";"2022-08-06 09:29:55.629170"
8;"reey5mro09";10190.8;"2022-08-06 09:29:55.650879";"2022-08-06 09:29:55.650879"
9;"pgvae5hvac";5107.31;"2022-08-06 09:29:55.672615";"2022-08-06 09:29:55.672615"
10;"aawojrlyqk";7236.93;"2022-08-06 09:29:55.692849";"2022-08-06 09:29:55.692849"
11;"7d488lr2sm";10063.8;"2022-08-06 09:29:55.713261";"2022-08-06 09:29:55.713261"
12;"vfvrikzgz0";10137.0;"2022-08-06 09:29:55.736312";"2022-08-06 09:29:55.736312"
13;"zcp7kvgtjd";7932.33;"2022-08-06 09:29:55.758714";"2022-08-06 09:29:55.758714"
14;"qzqgcjsh8i";7997.94;"2022-08-06 09:29:55.780793";"2022-08-06 09:29:55.780793"
15;"23bwx8se7d";10853.9;"2022-08-06 09:29:55.805546";"2022-08-06 09:29:55.805546"
16;"5653nlk141";8248.49;"2022-08-06 09:29:55.829220";"2022-08-06 09:29:55.829220"
17;"fq5wh1qdgg";8354.82;"2022-08-06 09:29:55.852273";"2022-08-06 09:29:55.852273"
18;"qv9mmll4ud";8559.83;"2022-08-06 09:29:55.872801";"2022-08-06 09:29:55.872801"
19;"go2cfwbnzq";13204.7;"2022-08-06 09:29:55.895241";"2022-08-06 09:29:55.895241"
20;"ztw8nt062l";8086.42;"2022-08-06 09:29:55.917594";"2022-08-06 09:29:55.917594"
21;"spfx2hhxmq";6753.93;"2022-08-06 09:29:55.941849";"2022-08-06 09:29:55.941849"
22;"dq8xk0jexs";7488.49;"2022-08-06 09:29:55.963845";"2022-08-06 09:29:55.963845"
23;"rtkkwrujsf";-44.9324;"2022-08-06 09:29:55.985661";"2022-08-06 09:29:55.985661"
24;"3qujnplkv5";12252.8;"2022-08-06 09:29:56.008805";"2022-08-06 09:29:56.008805"
25;"jmou22c76g";7639.18;"2022-08-06 09:29:56.032055";"2022-08-06 09:29:56.032055"
26;"vgbkrya40c";13492.1;"2022-08-06 09:29:56.053394";"2022-08-06 09:29:56.053394"
27;"0ciqjd58os";13267.8;"2022-08-06 09:29:56.075322";"2022-08-06 09:29:56.075322"
28;"k1bmjew5m1";11276.8;"2022-08-06 09:29:56.095970";"2022-08-06 09:29:56.095970"
29;"5xb3n2jy7s";8123.13;"2022-08-06 09:29:56.117834";"2022-08-06 09:29:56.117834"
30;"cajysp9803";10725.7;"2022-08-06 09:29:56.140350";"2022-08-06 09:29:56.140350"
31;"lvtjrbza3j";8950.56;"2022-08-06 09:29:56.163895";"2022-08-06 09:29:56.163895"
32;"ywsjcuyzyd";6178.44;"2022-08-06 09:29:56.186420";"2022-08-06 09:29:56.186420"
33;"7r9hv7emag";9912.45;"2022-08-06 09:29:56.212232";"2022-08-06 09:29:56.212232"
34;"rad807pyp4";16633.0;"2022-08-06 09:29:56.234453";"2022-08-06 09:29:56.234453"
35;"szbrvm96i1";9433.72;"2022-08-06 09:29:56.255874";"2022-08-06 09:29:56.255874"
36;"pwteyaemba";11798.5;"2022-08-06 09:29:56.278418";"2022-08-06 09:29:56.278418"
37;"wrdz9h6abc";6560.62;"2022-08-06 09:29:56.300800";"2022-08-06 09:29:56.300800"
38;"kqxrjrjtb7";10283.2;"2022-08-06 09:29:56.324764";"2022-08-06 09:29:56.324764"
39;"60k9vtd01s";4540.52;"2022-08-06 09:29:56.347845";"2022-08-06 09:29:56.347845"
40;"gmu7it5j5x";7111.52;"2022-08-06 09:29:56.369500";"2022-08-06 09:29:56.369500"
41;"0v6o05cvpj";7408.81;"2022-08-06 09:29:56.382986";"2022-08-06 09:29:56.382986"
42;"jn0k0b1w7y";2829.59;"2022-08-06 09:29:56.401251";"2022-08-06 09:29:56.401251"
43;"lapvbsgb03";6401.31;"2022-08-06 09:29:56.415770";"2022-08-06 09:29:56.415770"
44;"ytqo9k7go9";11383.5;"2022-08-06 09:29:56.430476";"2022-08-06 09:29:56.430476"
45;"849wohow7b";11827.6;"2022-08-06 09:29:56.450621";"2022-08-06 09:29:56.450621"
46;"sfve8fn22x";8697.22;"2022-08-06 09:29:56.474067";"2022-08-06 09:29:56.474067"
47;"qra9uw5wq5";5031.05;"2022-08-06 09:29:56.495649";"2022-08-06 09:29:56.495649"
48;"o5la2bipzl";8296.49;"2022-08-06 09:29:56.520709";"2022-08-06 09:29:56.520709"
49;"3vkgdah2qh";14066.8;"2022-08-06 09:29:56.550293";"2022-08-06 09:29:56.550293"
50;"sx1tggi9h1";8418.74;"2022-08-06 09:29:56.578800";"2022-08-06 09:29:56.578800"
51;"5sm6xx7khy";7736.08;"2022-08-06 09:29:56.600517";"2022-08-06 09:29:56.600517"
52;"hqw4mg5gev";12486.2;"2022-08-06 09:29:56.624456";"2022-08-06 09:29:56.624456"
53;"jbyl6uuse4";2905.99;"2022-08-06 09:29:56.649875";"2022-08-06 09:29:56.649875"
54;"kgqpvq7f64";10279.8;"2022-08-06 09:29:56.673435";"2022-08-06 09:29:56.673435"
55;"3t4pysi8hs";11652.7;"2022-08-06 09:29:56.700987";"2022-08-06 09:29:56.700987"
56;"6rh71i1d26";6345.53;"2022-08-06 09:29:56.724512";"2022-08-06 09:29:56.724512"
57;"emrpyjozja";9316.05;"2022-08-06 09:29:56.747971";"2022-08-06 09:29:56.747971"
58;"0p2t0ynyo4";11441.1;"2022-08-06 09:29:56.770505";"2022-08-06 09:29:56.770505"
59;"tq5gtx9h87";10462.6;"2022-08-06 09:29:56.791052";"2022-08-06 09:29:56.791052"
60;"3iqc5i0ry6";7944.68;"2022-08-06 09:29:56.811522";"2022-08-06 09:29:56.811522"
61;"bsq5ezx81q";13147.5;"2022-08-06 09:29:56.831508";"2022-08-06 09:29:56.831508"
62;"xapndqcoza";7685.17;"2022-08-06 09:29:56.852689";"2022-08-06 09:29:56.852689"
63;"zspzf1pr5f";6531.22;"2022-08-06 09:29:56.874607";"2022-08-06 09:29:56.874607"
64;"7ytca81p1v";8236.08;"2022-08-06 09:29:56.895582";"2022-08-06 09:29:56.895582"
65;"qj1yuppwzo";8904.91;"2022-08-06 09:29:56.916940";"2022-08-06 09:29:56.916940"
66;"dqkhthw0ar";7920.95;"2022-08-06 09:29:56.936779";"2022-08-06 09:29:56.936779"
67;"dn05i96cg2";8825.46;"2022-08-06 09:29:56.962644";"2022-08-06 09:29:56.962644"
68;"ef0i032mlr";2775.75;"2022-08-06 09:29:56.987386";"2022-08-06 09:29:56.987386"
69;"icbdaiikni";5341.96;"2022-08-06 09:29:57.013432";"2022-08-06 09:29:57.013432"
70;"lxiueghiml";23369.9;"2022-08-06 09:29:57.048601";"2022-08-06 09:29:57.048601"
71;"2gbizccc5c";30290.9;"2022-08-06 09:29:57.073357";"2022-08-06 09:29:57.073357"
72;"3l8ir3sd90";48450.5;"2022-08-06 09:29:57.098147";"2022-08-06 09:29:57.098147"
73;"u6tfzj37g1";29721.7;"2022-08-06 09:29:57.124065";"2022-08-06 09:29:57.124065"
74;"d8ynf19ty7";54791.0;"2022-08-06 09:29:57.145185";"2022-08-06 09:29:57.145185"
75;"gs7i9sp94x";35026.0;"2022-08-06 09:29:57.167973";"2022-08-06 09:29:57.167973"
76;"156vvzsgkd";32296.7;"2022-08-06 09:29:57.190392";"2022-08-06 09:29:57.190392"
77;"j4rngy6v9c";27833.7;"2022-08-06 09:29:57.214111";"2022-08-06 09:29:57.214111"
78;"8p6icgm78t";16429.5;"2022-08-06 09:29:57.236632";"2022-08-06 09:29:57.236632"
79;"9in3suxzrc";24825.0;"2022-08-06 09:29:57.259286";"2022-08-06 09:29:57.259286"
80;"25pzydgfsg";46345.7;"2022-08-06 09:29:57.281867";"2022-08-06 09:29:57.281867"
81;"hsqmx3kc92";39070.5;"2022-08-06 09:29:57.304223";"2022-08-06 09:29:57.304223"
82;"nswzplwm2z";31665.0;"2022-08-06 09:29:57.327608";"2022-08-06 09:29:57.327608"
83;"i3y55yjuoa";35422.0;"2022-08-06 09:29:57.347510";"2022-08-06 09:29:57.347510"
84;"63z5nx0iis";49050.8;"2022-08-06 09:29:57.369620";"2022-08-06 09:29:57.369620"
85;"0ru8z7hyy1";25498.5;"2022-08-06 09:29:57.392811";"2022-08-06 09:29:57.392811"
86;"wwfso82mpk";35419.1;"2022-08-06 09:29:57.416369";"2022-08-06 09:29:57.416369"
87;"piv8457bx4";30356.6;"2022-08-06 09:29:57.441604";"2022-08-06 09:29:57.441604"
88;"uf9xkbxgf2";43318.7;"2022-08-06 09:29:57.465620";"2022-08-06 09:29:57.465620"
89;"oivfcfh50q";52374.1;"2022-08-06 09:29:57.489180";"2022-08-06 09:29:57.489180"
90;"qauewj2sew";47052.9;"2022-08-06 09:29:57.513001";"2022-08-06 09:29:57.513001"
91;"2mp3qc3eua";40310.2;"2022-08-06 09:29:57.536573";"2022-08-06 09:29:57.536573"
92;"rcxe4ypz66";35256.4;"2022-08-06 09:29:57.560864";"2022-08-06 09:29:57.560864"
93;"426bb9uvx8";36350.7;"2022-08-06 09:29:57.584259";"2022-08-06 09:29:57.584259"
94;"72p1943cbx";32622.1;"2022-08-06 09:29:57.609230";"2022-08-06 09:29:57.609230"
95;"9x9zloav8w";26047.3;"2022-08-06 09:29:57.632705";"2022-08-06 09:29:57.632705"
96;"90igqlzire";50972.2;"2022-08-06 09:29:57.656171";"2022-08-06 09:29:57.656171"
97;"16mlu1xskq";41854.0;"2022-08-06 09:29:57.680156";"2022-08-06 09:29:57.680156"
98;"znj841jzsh";21570.7;"2022-08-06 09:29:57.702973";"2022-08-06 09:29:57.702973"
99;"guzdiamu8g";56455.7;"2022-08-06 09:29:57.729230";"2022-08-06 09:29:57.729230"
100;"5l50ma2nzk";25149.0;"2022-08-06 09:29:57.753819";"2022-08-06 09:29:57.753819"
101;"a7f94vx015";32100.7;"2022-08-06 09:29:57.789359";"2022-08-06 09:29:57.789359"
102;"drqny1wjv5";22443.9;"2022-08-06 09:29:57.815127";"2022-08-06 09:29:57.815127"
103;"wuj1m72gtq";20374.2;"2022-08-06 09:29:57.833393";"2022-08-06 09:29:57.833393"
104;"baznpvknel";43608.8;"2022-08-06 09:29:57.867033";"2022-08-06 09:29:57.867033"
105;"sf78r8sxgo";43690.0;"2022-08-06 09:29:57.890849";"2022-08-06 09:29:57.890849"
106;"e4rs9t6bnn";30811.4;"2022-08-06 09:29:57.920448";"2022-08-06 09:29:57.920448"
107;"co3tzviffg";46694.7;"2022-08-06 09:29:57.941518";"2022-08-06 09:29:57.941518"
108;"5ucl0sxvgq";57362.6;"2022-08-06 09:29:57.964751";"2022-08-06 09:29:57.964751"
109;"3z98ufb4ib";37734.1;"2022-08-06 09:29:58.005733";"2022-08-06 09:29:58.005733"
110;"f16pqmmef6";37909.1;"2022-08-06 09:29:58.027851";"2022-08-06 09:29:58.027851"
111;"fuywy8hb32";32631.4;"2022-08-06 09:29:58.044741";"2022-08-06 09:29:58.044741"
112;"am0ii4z08v";40069.5;"2022-08-06 09:29:58.069176";"2022-08-06 09:29:58.069176"
113;"46qrny5nda";40788.7;"2022-08-06 09:29:58.096506";"2022-08-06 09:29:58.096506"
114;"dy53jyxf5w";54234.0;"2022-08-06 09:29:58.124203";"2022-08-06 09:29:58.124203"
115;"brwabbw0oq";51791.6;"2022-08-06 09:29:58.149950";"2022-08-06 09:29:58.149950"
116;"1yihji7yp6";32397.4;"2022-08-06 09:29:58.175456";"2022-08-06 09:29:58.175456"
117;"hwj8i1mntb";39386.0;"2022-08-06 09:29:58.202040";"2022-08-06 09:29:58.202040"
118;"1ji8evhory";40201.0;"2022-08-06 09:29:58.225874";"2022-08-06 09:29:58.225874"
119;"enym8wo2y4";51026.6;"2022-08-06 09:29:58.249182";"2022-08-06 09:29:58.249182"
120;"lnxr7efa50";24199.7;"2022-08-06 09:29:58.272450";"2022-08-06 09:29:58.272450"
121;"qbc3pn6cuj";37880.7;"2022-08-06 09:29:58.293950";"2022-08-06 09:29:58.293950"
122;"f8tv5bdhm2";57542.3;"2022-08-06 09:29:58.316970";"2022-08-06 09:29:58.316970"
123;"2psy9bgquv";52718.8;"2022-08-06 09:29:58.342961";"2022-08-06 09:29:58.342961"
124;"5awii83pn2";28809.6;"2022-08-06 09:29:58.375500";"2022-08-06 09:29:58.375500"
125;"ing0n1e756";28491.7;"2022-08-06 09:29:58.401532";"2022-08-06 09:29:58.401532"
126;"u6ovu4uxy7";43112.1;"2022-08-06 09:29:58.427222";"2022-08-06 09:29:58.427222"
127;"d3ia8my4iq";51149.5;"2022-08-06 09:29:58.453307";"2022-08-06 09:29:58.453307"
128;"v6e0e3ztqp";26445.3;"2022-08-06 09:29:58.478944";"2022-08-06 09:29:58.478944"
129;"aytc5edgm2";45956.9;"2022-08-06 09:29:58.503876";"2022-08-06 09:29:58.503876"
130;"zdnef68omq";39835.0;"2022-08-06 09:29:58.528170";"2022-08-06 09:29:58.528170"
131;"if0atpbqf6";40799.4;"2022-08-06 09:29:58.552427";"2022-08-06 09:29:58.552427"
132;"8xv70k3dkq";32685.3;"2022-08-06 09:29:58.575640";"2022-08-06 09:29:58.575640"
133;"5juilod4y1";34051.4;"2022-08-06 09:29:58.599949";"2022-08-06 09:29:58.599949"
134;"4pvodkm9k8";19596.3;"2022-08-06 09:29:58.622223";"2022-08-06 09:29:58.622223"
135;"ikanps2whe";25868.7;"2022-08-06 09:29:58.644732";"2022-08-06 09:29:58.644732"
136;"yb0sl3b1i1";7721.82;"2022-08-06 09:29:58.664605";"2022-08-06 09:29:58.664605"
137;"868jv9nrim";54050.7;"2022-08-06 09:29:58.684493";"2022-08-06 09:29:58.684493"
138;"bq75qtmdjm";34377.1;"2022-08-06 09:29:58.708230";"2022-08-06 09:29:58.708230"
139;"rui6ykca07";40001.5;"2022-08-06 09:29:58.730427";"2022-08-06 09:29:58.730427"
140;"bgz5tpmt2k";41537.8;"2022-08-06 09:29:58.749113";"2022-08-06 09:29:58.749113"
141;"dz4dhahfwt";24964.1;"2022-08-06 09:29:58.771177";"2022-08-06 09:29:58.771177"
142;"31ne893xyq";27240.0;"2022-08-06 09:29:58.804414";"2022-08-06 09:29:58.804414"
143;"xii3o73rrh";28458.3;"2022-08-06 09:29:58.833405";"2022-08-06 09:29:58.833405"
144;"9kgkvtsmvt";42051.2;"2022-08-06 09:29:58.861747";"2022-08-06 09:29:58.861747"
145;"mjzj5nn8h1";35102.9;"2022-08-06 09:29:58.885954";"2022-08-06 09:29:58.885954"
146;"39sp35fgxg";44014.4;"2022-08-06 09:29:58.910863";"2022-08-06 09:29:58.910863"
147;"r4bd13che0";8476.79;"2022-08-06 09:29:58.933386";"2022-08-06 09:29:58.933386"
148;"6slqgtd0ty";26949.2;"2022-08-06 09:29:58.957556";"2022-08-06 09:29:58.957556"
149;"ebiijojjv7";40450.4;"2022-08-06 09:29:58.981653";"2022-08-06 09:29:58.981653"
150;"pk499zo9cd";43089.3;"2022-08-06 09:29:59.007701";"2022-08-06 09:29:59.007701"
151;"4i7sed9qez";37358.3;"2022-08-06 09:29:59.033461";"2022-08-06 09:29:59.033461"
152;"zlsxn1ma8e";18505.1;"2022-08-06 09:29:59.058831";"2022-08-06 09:29:59.058831"
153;"p892ioi4vw";38006.0;"2022-08-06 09:29:59.085823";"2022-08-06 09:29:59.085823"
154;"vqeki85l5z";45240.6;"2022-08-06 09:29:59.112463";"2022-08-06 09:29:59.112463"
155;"n4n626xap4";39359.9;"2022-08-06 09:29:59.142234";"2022-08-06 09:29:59.142234"
156;"b8ma0onxtf";44659.0;"2022-08-06 09:29:59.165779";"2022-08-06 09:29:59.165779"
157;"xvvq93ikf1";22632.6;"2022-08-06 09:29:59.191420";"2022-08-06 09:29:59.191420"
158;"bzz8yi2a0t";21906.5;"2022-08-06 09:29:59.216401";"2022-08-06 09:29:59.216401"
159;"wk5ishzdvk";56017.0;"2022-08-06 09:29:59.242309";"2022-08-06 09:29:59.242309"
160;"66br7xvvfo";35591.1;"2022-08-06 09:29:59.262381";"2022-08-06 09:29:59.262381"
161;"9mwx9177kz";15788.4;"2022-08-06 09:29:59.278390";"2022-08-06 09:29:59.278390"
162;"w39fkyknad";29692.2;"2022-08-06 09:29:59.293773";"2022-08-06 09:29:59.293773"
163;"vbkp2mtv1i";47576.7;"2022-08-06 09:29:59.309083";"2022-08-06 09:29:59.309083"
164;"7sngmimxtx";36131.5;"2022-08-06 09:29:59.327090";"2022-08-06 09:29:59.327090"
165;"yvzvrwpbqh";55612.3;"2022-08-06 09:29:59.358101";"2022-08-06 09:29:59.358101"
166;"pu5fy78t57";40756.4;"2022-08-06 09:29:59.374516";"2022-08-06 09:29:59.374516"
167;"bqog06uw6t";40616.4;"2022-08-06 09:29:59.390350";"2022-08-06 09:29:59.390350"
168;"85xxzf0qrn";47679.4;"2022-08-06 09:29:59.404966";"2022-08-06 09:29:59.404966"
169;"a3448t7cm1";11804.2;"2022-08-06 09:29:59.429443";"2022-08-06 09:29:59.429443"
170;"krt3i1ozjj";40075.0;"2022-08-06 09:29:59.455504";"2022-08-06 09:29:59.455504"
171;"r9o8xwx8qw";54232.2;"2022-08-06 09:29:59.480887";"2022-08-06 09:29:59.480887"
172;"bp7g2wxqrz";65811.2;"2022-08-06 09:29:59.506528";"2022-08-06 09:29:59.506528"
173;"2b73jls621";19336.2;"2022-08-06 09:29:59.533156";"2022-08-06 09:29:59.533156"
174;"d87mv2ccih";36009.4;"2022-08-06 09:29:59.555224";"2022-08-06 09:29:59.555224"
175;"j0avr69j72";45763.3;"2022-08-06 09:29:59.573599";"2022-08-06 09:29:59.573599"
176;"e4tjxzyo3y";41401.0;"2022-08-06 09:29:59.590377";"2022-08-06 09:29:59.590377"
177;"6kxrrnywco";14191.6;"2022-08-06 09:29:59.619106";"2022-08-06 09:29:59.619106"
178;"1w8hht6sxz";33799.5;"2022-08-06 09:29:59.646233";"2022-08-06 09:29:59.646233"
179;"y2qxaafz11";55186.4;"2022-08-06 09:29:59.668049";"2022-08-06 09:29:59.668049"
180;"llnphtalb8";19499.9;"2022-08-06 09:29:59.688364";"2022-08-06 09:29:59.688364"
181;"4v6dv0pto8";58259.2;"2022-08-06 09:29:59.710264";"2022-08-06 09:29:59.710264"
182;"b367t38ldg";15524.3;"2022-08-06 09:29:59.733880";"2022-08-06 09:29:59.733880"
183;"x95psm7q6t";41759.6;"2022-08-06 09:29:59.754495";"2022-08-06 09:29:59.754495"
184;"mvyp3dyyco";24399.6;"2022-08-06 09:29:59.773140";"2022-08-06 09:29:59.773140"
185;"404upugzf5";30627.6;"2022-08-06 09:29:59.794204";"2022-08-06 09:29:59.794204"
186;"xxoqw16gfe";39374.7;"2022-08-06 09:29:59.822112";"2022-08-06 09:29:59.822112"
187;"zfhrqnd6jx";53085.9;"2022-08-06 09:29:59.851212";"2022-08-06 09:29:59.851212"
188;"dzpecmfyye";43477.4;"2022-08-06 09:29:59.876979";"2022-08-06 09:29:59.876979"
189;"hi0t9nfat1";26511.5;"2022-08-06 09:29:59.904441";"2022-08-06 09:29:59.904441"
190;"qr9ny082ga";58299.0;"2022-08-06 09:29:59.930047";"2022-08-06 09:29:59.930047"
191;"1v9n8mrkez";30100.4;"2022-08-06 09:29:59.955049";"2022-08-06 09:29:59.955049"
192;"v3fkaxu8lk";26475.8;"2022-08-06 09:29:59.980475";"2022-08-06 09:29:59.980475"
193;"2m61ip1hjn";41810.1;"2022-08-06 09:30:00.005444";"2022-08-06 09:30:00.005444"
194;"nk1up7gdv3";30184.6;"2022-08-06 09:30:00.031280";"2022-08-06 09:30:00.031280"
195;"h5zs80i1qn";58771.7;"2022-08-06 09:30:00.057001";"2022-08-06 09:30:00.057001"
196;"ljjho8g71c";36982.2;"2022-08-06 09:30:00.085601";"2022-08-06 09:30:00.085601"
197;"gjtgswne67";41545.0;"2022-08-06 09:30:00.116612";"2022-08-06 09:30:00.116612"
198;"ohg6sz5sng";42858.1;"2022-08-06 09:30:00.146021";"2022-08-06 09:30:00.146021"
199;"1pll5k8hcc";48760.3;"2022-08-06 09:30:00.171990";"2022-08-06 09:30:00.171990"
200;"5jgeslmzp0";48666.3;"2022-08-06 09:30:00.198059";"2022-08-06 09:30:00.198059"
201;"z17i3no5he";14670.9;"2022-08-06 09:30:00.223659";"2022-08-06 09:30:00.223659"
202;"1w3rapfl3x";7731.06;"2022-08-06 09:30:00.248427";"2022-08-06 09:30:00.248427"
203;"ohofqesug0";30961.5;"2022-08-06 09:30:00.277623";"2022-08-06 09:30:00.277623"
204;"qg0dam67c2";46575.5;"2022-08-06 09:30:00.304786";"2022-08-06 09:30:00.304786"
205;"nzveel3lj6";26202.9;"2022-08-06 09:30:00.329163";"2022-08-06 09:30:00.329163"
206;"4uzfnc85zl";49280.8;"2022-08-06 09:30:00.352065";"2022-08-06 09:30:00.352065"
207;"2b4o3whojg";20997.7;"2022-08-06 09:30:00.378473";"2022-08-06 09:30:00.378473"
208;"dhf4wuuoty";32097.2;"2022-08-06 09:30:00.408119";"2022-08-06 09:30:00.408119"
209;"jglrhd21jp";11475.0;"2022-08-06 09:30:00.441779";"2022-08-06 09:30:00.441779"
210;"85rk9ueeyc";11671.5;"2022-08-06 09:30:00.463915";"2022-08-06 09:30:00.463915"
211;"auqv8h9oco";11195.9;"2022-08-06 09:30:00.485966";"2022-08-06 09:30:00.485966"
212;"9fn2kdp1c8";15560.4;"2022-08-06 09:30:00.510204";"2022-08-06 09:30:00.510204"
213;"19580c0ix2";14049.8;"2022-08-06 09:30:00.532505";"2022-08-06 09:30:00.532505"
214;"3qvyke4m4w";19765.4;"2022-08-06 09:30:00.558026";"2022-08-06 09:30:00.558026"
215;"iz6cazy31h";7884.17;"2022-08-06 09:30:00.581826";"2022-08-06 09:30:00.581826"
216;"g9ey8c9h8h";9634.08;"2022-08-06 09:30:00.607200";"2022-08-06 09:30:00.607200"
217;"rjeikyxc0n";7781.39;"2022-08-06 09:30:00.633109";"2022-08-06 09:30:00.633109"
218;"3cls44uo6j";8812.24;"2022-08-06 09:30:00.657419";"2022-08-06 09:30:00.657419"
219;"9rvadnlgm3";3894.59;"2022-08-06 09:30:00.684521";"2022-08-06 09:30:00.684521"
220;"tm7ggb9d3v";11843.7;"2022-08-06 09:30:00.712614";"2022-08-06 09:30:00.712614"
221;"oou4falefk";17190.0;"2022-08-06 09:30:00.738407";"2022-08-06 09:30:00.738407"
222;"o9qcdtdo28";14068.2;"2022-08-06 09:30:00.762966";"2022-08-06 09:30:00.762966"
223;"fsmqrr98kj";11023.9;"2022-08-06 09:30:00.792129";"2022-08-06 09:30:00.792129"
224;"zzv2bkkj6a";8135.4;"2022-08-06 09:30:00.819276";"2022-08-06 09:30:00.819276"
225;"p1bkmk8ek2";14198.4;"2022-08-06 09:30:00.845815";"2022-08-06 09:30:00.845815"
226;"89i5wlu4ek";17087.6;"2022-08-06 09:30:00.872287";"2022-08-06 09:30:00.872287"
227;"f6lx2fgs0d";13361.3;"2022-08-06 09:30:00.894530";"2022-08-06 09:30:00.894530"
228;"2d3ec5w6tz";16796.0;"2022-08-06 09:30:00.917867";"2022-08-06 09:30:00.917867"
229;"q81bfcvyce";10414.5;"2022-08-06 09:30:00.944442";"2022-08-06 09:30:00.944442"
230;"s1kv0l17wg";6840.06;"2022-08-06 09:30:00.967889";"2022-08-06 09:30:00.967889"
231;"fz4lr3ixlj";14989.8;"2022-08-06 09:30:00.991880";"2022-08-06 09:30:00.991880"
232;"ct9cxmvo10";4232.4;"2022-08-06 09:30:01.017512";"2022-08-06 09:30:01.017512"
233;"lmivxz0q77";16186.6;"2022-08-06 09:30:01.040142";"2022-08-06 09:30:01.040142"
234;"tsjpu0u0nf";10662.0;"2022-08-06 09:30:01.066410";"2022-08-06 09:30:01.066410"
235;"ylgpq3mryk";9053.02;"2022-08-06 09:30:01.089663";"2022-08-06 09:30:01.089663"
236;"ax7oib8c7c";12509.8;"2022-08-06 09:30:01.112581";"2022-08-06 09:30:01.112581"
237;"3ivo5w7qyr";9547.23;"2022-08-06 09:30:01.135594";"2022-08-06 09:30:01.135594"
238;"y6654mezzr";10564.7;"2022-08-06 09:30:01.162695";"2022-08-06 09:30:01.162695"
239;"f84bi03vlb";11469.9;"2022-08-06 09:30:01.188872";"2022-08-06 09:30:01.188872"
240;"jw6hxybzcw";14251.1;"2022-08-06 09:30:01.213988";"2022-08-06 09:30:01.213988"
241;"wsbyceotzk";18672.6;"2022-08-06 09:30:01.232410";"2022-08-06 09:30:01.232410"
242;"v61ngksvc4";11530.5;"2022-08-06 09:30:01.251074";"2022-08-06 09:30:01.251074"
243;"b25bz7v9qc";16612.7;"2022-08-06 09:30:01.269126";"2022-08-06 09:30:01.269126"
244;"4190vc89nv";12841.5;"2022-08-06 09:30:01.286958";"2022-08-06 09:30:01.286958"
245;"77skgdoco8";7230.5;"2022-08-06 09:30:01.303190";"2022-08-06 09:30:01.303190"
246;"3qfzfrlw6o";8747.52;"2022-08-06 09:30:01.320124";"2022-08-06 09:30:01.320124"
247;"zwh3wlbaue";8272.4;"2022-08-06 09:30:01.346532";"2022-08-06 09:30:01.346532"
248;"utqx8heqxb";6776.78;"2022-08-06 09:30:01.372751";"2022-08-06 09:30:01.372751"
249;"d3u1xc42b2";8338.68;"2022-08-06 09:30:01.397644";"2022-08-06 09:30:01.397644"
250;"5vho7ey02q";7899.04;"2022-08-06 09:30:01.424632";"2022-08-06 09:30:01.424632"
251;"m635ucwomi";10614.9;"2022-08-06 09:30:01.450064";"2022-08-06 09:30:01.450064"
252;"1r11muynbd";11471.1;"2022-08-06 09:30:01.475649";"2022-08-06 09:30:01.475649"
253;"15ncti4kyv";8933.61;"2022-08-06 09:30:01.501771";"2022-08-06 09:30:01.501771"
254;"9dezpgs5wh";5086.7;"2022-08-06 09:30:01.529169";"2022-08-06 09:30:01.529169"
255;"nzlbbb6mjt";14230.0;"2022-08-06 09:30:01.556424";"2022-08-06 09:30:01.556424"
256;"iagxc3f6xk";10063.6;"2022-08-06 09:30:01.585163";"2022-08-06 09:30:01.585163"
257;"y1ncrcqdim";10777.2;"2022-08-06 09:30:01.612916";"2022-08-06 09:30:01.612916"
258;"i6nz0poocn";13456.1;"2022-08-06 09:30:01.636155";"2022-08-06 09:30:01.636155"
259;"scm5qv1fb4";13150.1;"2022-08-06 09:30:01.661453";"2022-08-06 09:30:01.661453"
260;"pd3ceknagk";12233.1;"2022-08-06 09:30:01.684097";"2022-08-06 09:30:01.684097"
261;"f80r5bd02v";14567.1;"2022-08-06 09:30:01.703466";"2022-08-06 09:30:01.703466"
262;"bts6dt3dhp";27453.9;"2022-08-06 09:30:01.733247";"2022-08-06 09:30:01.733247"
263;"nt0lhoeivw";30172.7;"2022-08-06 09:30:01.753028";"2022-08-06 09:30:01.753028"
264;"gqx0ep9d0x";32309.0;"2022-08-06 09:30:01.772550";"2022-08-06 09:30:01.772550"
265;"o3bsn8e0dr";18041.6;"2022-08-06 09:30:01.793330";"2022-08-06 09:30:01.793330"
266;"7tmo4dvr33";20655.1;"2022-08-06 09:30:01.823763";"2022-08-06 09:30:01.823763"
267;"n8nqg8902x";28536.5;"2022-08-06 09:30:01.853873";"2022-08-06 09:30:01.853873"
268;"7m94gv97ra";16937.9;"2022-08-06 09:30:01.878844";"2022-08-06 09:30:01.878844"
269;"g3e9r4xefz";12698.9;"2022-08-06 09:30:01.904869";"2022-08-06 09:30:01.904869"
270;"50iz2tbeeg";29145.8;"2022-08-06 09:30:01.931008";"2022-08-06 09:30:01.931008"
271;"gc3isz7x9v";11603.6;"2022-08-06 09:30:01.957113";"2022-08-06 09:30:01.957113"
272;"9dmyt01778";26000.0;"2022-08-06 09:30:01.982795";"2022-08-06 09:30:01.982795"
273;"ol5wrpk103";29454.2;"2022-08-06 09:30:02.008658";"2022-08-06 09:30:02.008658"
274;"qy8zd20s2r";18971.1;"2022-08-06 09:30:02.032841";"2022-08-06 09:30:02.032841"
275;"xta35ezup1";28434.9;"2022-08-06 09:30:02.057467";"2022-08-06 09:30:02.057467"
276;"dsae8a22rs";24277.0;"2022-08-06 09:30:02.082627";"2022-08-06 09:30:02.082627"
277;"x6pg8tko5i";21429.0;"2022-08-06 09:30:02.108102";"2022-08-06 09:30:02.108102"
278;"8cudlsiu6x";8275.82;"2022-08-06 09:30:02.134556";"2022-08-06 09:30:02.134556"
279;"o3032uhnhf";14651.0;"2022-08-06 09:30:02.160567";"2022-08-06 09:30:02.160567"
280;"czias85qnh";26443.2;"2022-08-06 09:30:02.197727";"2022-08-06 09:30:02.197727"
281;"p3nsjjcrdq";20573.3;"2022-08-06 09:30:02.225193";"2022-08-06 09:30:02.225193"
282;"lof3u1wspn";27584.3;"2022-08-06 09:30:02.248483";"2022-08-06 09:30:02.248483"
283;"rlipb9twhk";21063.6;"2022-08-06 09:30:02.273222";"2022-08-06 09:30:02.273222"
284;"lcjwzg8mkc";17740.9;"2022-08-06 09:30:02.302399";"2022-08-06 09:30:02.302399"
285;"xuw5h6r55b";7909.27;"2022-08-06 09:30:02.327926";"2022-08-06 09:30:02.327926"
286;"7o7cskddrm";30581.3;"2022-08-06 09:30:02.352571";"2022-08-06 09:30:02.352571"
287;"f60u5sb3ie";22044.8;"2022-08-06 09:30:02.376037";"2022-08-06 09:30:02.376037"
288;"n2y86rybqw";21974.6;"2022-08-06 09:30:02.401709";"2022-08-06 09:30:02.401709"
289;"g9yjvdauas";25707.9;"2022-08-06 09:30:02.425265";"2022-08-06 09:30:02.425265"
290;"01hhggka5r";22798.7;"2022-08-06 09:30:02.448811";"2022-08-06 09:30:02.448811"
291;"36q8hk2edk";28326.7;"2022-08-06 09:30:02.474198";"2022-08-06 09:30:02.474198"
292;"5h6alxyl00";23301.3;"2022-08-06 09:30:02.501617";"2022-08-06 09:30:02.501617"
293;"keu0hzty60";18499.6;"2022-08-06 09:30:02.528840";"2022-08-06 09:30:02.528840"
294;"n9tkt6gju5";18998.6;"2022-08-06 09:30:02.556531";"2022-08-06 09:30:02.556531"
295;"voyx0g8lg2";23065.8;"2022-08-06 09:30:02.583703";"2022-08-06 09:30:02.583703"
296;"46bzs3caaz";29934.3;"2022-08-06 09:30:02.602656";"2022-08-06 09:30:02.602656"
297;"88uyvrvenr";26348.5;"2022-08-06 09:30:02.620874";"2022-08-06 09:30:02.620874"
298;"i4nk6gc47b";25451.1;"2022-08-06 09:30:02.637754";"2022-08-06 09:30:02.637754"
299;"yx4zr73m5e";22764.7;"2022-08-06 09:30:02.657212";"2022-08-06 09:30:02.657212"
300;"15jacte0je";27645.7;"2022-08-06 09:30:02.678319";"2022-08-06 09:30:02.678319"
301;"sf6at92r2g";16899.0;"2022-08-06 09:30:02.696746";"2022-08-06 09:30:02.696746"
302;"ncuwoi5073";13082.4;"2022-08-06 09:30:02.713017";"2022-08-06 09:30:02.713017"
303;"t9jzen8b8q";21937.6;"2022-08-06 09:30:02.731589";"2022-08-06 09:30:02.731589"
304;"d544aqnyom";22040.4;"2022-08-06 09:30:02.755079";"2022-08-06 09:30:02.755079"
305;"y70283re9w";14516.2;"2022-08-06 09:30:02.784207";"2022-08-06 09:30:02.784207"
306;"7lipnrcd2z";16425.5;"2022-08-06 09:30:02.810395";"2022-08-06 09:30:02.810395"
307;"312qry0tsn";30574.2;"2022-08-06 09:30:02.832415";"2022-08-06 09:30:02.832415"
308;"fvvl05xpys";18475.6;"2022-08-06 09:30:02.853605";"2022-08-06 09:30:02.853605"
309;"2zogh4uq6a";18454.1;"2022-08-06 09:30:02.876660";"2022-08-06 09:30:02.876660"
310;"m09r8au88g";19582.1;"2022-08-06 09:30:02.901159";"2022-08-06 09:30:02.901159"
311;"c0jzeztj3b";27314.2;"2022-08-06 09:30:02.924427";"2022-08-06 09:30:02.924427"
312;"vz42ppvmoa";28540.2;"2022-08-06 09:30:02.958325";"2022-08-06 09:30:02.958325"
313;"hkdvkw1vmz";26553.6;"2022-08-06 09:30:02.984262";"2022-08-06 09:30:02.984262"
314;"bslzl0us73";30626.8;"2022-08-06 09:30:03.009948";"2022-08-06 09:30:03.009948"
315;"u6vfi5sfg9";21505.9;"2022-08-06 09:30:03.034872";"2022-08-06 09:30:03.034872"
316;"bb6w16mjfv";22999.3;"2022-08-06 09:30:03.059949";"2022-08-06 09:30:03.059949"
317;"4uw2gzely2";19967.5;"2022-08-06 09:30:03.084248";"2022-08-06 09:30:03.084248"
318;"ynyjv5he6r";22284.2;"2022-08-06 09:30:03.108557";"2022-08-06 09:30:03.108557"
319;"i9i6e2yyor";15849.9;"2022-08-06 09:30:03.133497";"2022-08-06 09:30:03.133497"
320;"oo4v2hqk83";23356.9;"2022-08-06 09:30:03.157379";"2022-08-06 09:30:03.157379"
321;"949nmmi8qp";24027.7;"2022-08-06 09:30:03.181630";"2022-08-06 09:30:03.181630"
322;"fo04s0ocsr";19482.6;"2022-08-06 09:30:03.209165";"2022-08-06 09:30:03.209165"
323;"9p24e8kyp9";16737.6;"2022-08-06 09:30:03.233408";"2022-08-06 09:30:03.233408"
324;"0235upf228";26983.7;"2022-08-06 09:30:03.254550";"2022-08-06 09:30:03.254550"
325;"riyoojtlvi";22732.8;"2022-08-06 09:30:03.272959";"2022-08-06 09:30:03.272959"
326;"sswunlkwyd";24250.8;"2022-08-06 09:30:03.287969";"2022-08-06 09:30:03.287969"
327;"mswjded1uc";21584.1;"2022-08-06 09:30:03.304564";"2022-08-06 09:30:03.304564"
328;"a3uvr19kx0";26331.3;"2022-08-06 09:30:03.321876";"2022-08-06 09:30:03.321876"
329;"9ux57clp9d";22439.6;"2022-08-06 09:30:03.338997";"2022-08-06 09:30:03.338997"
330;"6jip00517o";26808.1;"2022-08-06 09:30:03.360933";"2022-08-06 09:30:03.360933"
331;"jm70nvbz5u";19354.5;"2022-08-06 09:30:03.385720";"2022-08-06 09:30:03.385720"
332;"y91mkse21k";20561.9;"2022-08-06 09:30:03.410403";"2022-08-06 09:30:03.410403"
333;"o3nneqmp3s";26378.3;"2022-08-06 09:30:03.435032";"2022-08-06 09:30:03.435032"
334;"swyox7pnng";15109.3;"2022-08-06 09:30:03.460958";"2022-08-06 09:30:03.460958"
335;"f7vu5mxjmq";22582.9;"2022-08-06 09:30:03.488846";"2022-08-06 09:30:03.488846"
336;"24wpl3l515";16717.7;"2022-08-06 09:30:03.512824";"2022-08-06 09:30:03.512824"
337;"vzcosie73m";18754.6;"2022-08-06 09:30:03.534832";"2022-08-06 09:30:03.534832"
338;"4xfgnn24qu";28128.7;"2022-08-06 09:30:03.556531";"2022-08-06 09:30:03.556531"
339;"yoovomr7hp";20587.7;"2022-08-06 09:30:03.579534";"2022-08-06 09:30:03.579534"
340;"vo8emjon9h";22962.2;"2022-08-06 09:30:03.601366";"2022-08-06 09:30:03.601366"
341;"lybjfjm38k";18711.1;"2022-08-06 09:30:03.622911";"2022-08-06 09:30:03.622911"
342;"xz3yr4ruvi";18111.1;"2022-08-06 09:30:03.644612";"2022-08-06 09:30:03.644612"
343;"5b59mvtc68";27065.4;"2022-08-06 09:30:03.665888";"2022-08-06 09:30:03.665888"
344;"yviq7h7150";17010.8;"2022-08-06 09:30:03.688267";"2022-08-06 09:30:03.688267"
345;"ltga9bs8m2";25739.8;"2022-08-06 09:30:03.711711";"2022-08-06 09:30:03.711711"
346;"xb1mmzatg8";28835.4;"2022-08-06 09:30:03.733192";"2022-08-06 09:30:03.733192"
347;"vd0832whje";19207.7;"2022-08-06 09:30:03.756024";"2022-08-06 09:30:03.756024"
348;"8wkx59nyrh";24616.6;"2022-08-06 09:30:03.778898";"2022-08-06 09:30:03.778898"
349;"myavkg1v67";18215.2;"2022-08-06 09:30:03.807954";"2022-08-06 09:30:03.807954"
350;"0ghthbd09a";28127.8;"2022-08-06 09:30:03.836123";"2022-08-06 09:30:03.836123"
351;"fgi4dwz0lj";23995.0;"2022-08-06 09:30:03.862387";"2022-08-06 09:30:03.862387"
352;"r4htl3ezv7";27094.5;"2022-08-06 09:30:03.889501";"2022-08-06 09:30:03.889501"
353;"e6lb42s488";13567.1;"2022-08-06 09:30:03.916047";"2022-08-06 09:30:03.916047"
354;"gzt3swwe7w";22051.6;"2022-08-06 09:30:03.933255";"2022-08-06 09:30:03.933255"
355;"lwu27riue2";23218.3;"2022-08-06 09:30:03.953101";"2022-08-06 09:30:03.953101"
356;"sa0o45f82d";22519.7;"2022-08-06 09:30:03.970776";"2022-08-06 09:30:03.970776"
357;"y0egmayp68";23245.5;"2022-08-06 09:30:03.988979";"2022-08-06 09:30:03.988979"
358;"l744l9j1ol";13762.0;"2022-08-06 09:30:04.005032";"2022-08-06 09:30:04.005032"
359;"9gxf7ejmgq";27940.9;"2022-08-06 09:30:04.019555";"2022-08-06 09:30:04.019555"
360;"hl64yf4icj";18345.6;"2022-08-06 09:30:04.035388";"2022-08-06 09:30:04.035388"
361;"zboxfu6jxl";21694.1;"2022-08-06 09:30:04.052042";"2022-08-06 09:30:04.052042"
362;"vdts634cys";25467.1;"2022-08-06 09:30:04.068199";"2022-08-06 09:30:04.068199"
363;"imlhacajsj";21988.5;"2022-08-06 09:30:04.085891";"2022-08-06 09:30:04.085891"
364;"akkjbzpazw";24796.0;"2022-08-06 09:30:04.105549";"2022-08-06 09:30:04.105549"
365;"18rqd4r7aw";26176.0;"2022-08-06 09:30:04.121909";"2022-08-06 09:30:04.121909"
366;"1bobb5wo4i";28145.3;"2022-08-06 09:30:04.137019";"2022-08-06 09:30:04.137019"
367;"2mc1pqmfjd";20603.6;"2022-08-06 09:30:04.157684";"2022-08-06 09:30:04.157684"
368;"ti6klmx8rb";17147.0;"2022-08-06 09:30:04.181366";"2022-08-06 09:30:04.181366"
369;"rxbee9ydjo";32404.0;"2022-08-06 09:30:04.211276";"2022-08-06 09:30:04.211276"
370;"o617robr3j";20300.8;"2022-08-06 09:30:04.236372";"2022-08-06 09:30:04.236372"
371;"hsoppneffy";13267.8;"2022-08-06 09:30:04.261092";"2022-08-06 09:30:04.261092"
372;"ii8vgzphpj";25311.2;"2022-08-06 09:30:04.286581";"2022-08-06 09:30:04.286581"
373;"ytcaknxm3y";19733.2;"2022-08-06 09:30:04.310781";"2022-08-06 09:30:04.310781"
374;"9nbhpvcx8y";26394.3;"2022-08-06 09:30:04.336329";"2022-08-06 09:30:04.336329"
375;"6m5jctmcj5";17185.4;"2022-08-06 09:30:04.363056";"2022-08-06 09:30:04.363056"
376;"d52np4g8w1";28150.0;"2022-08-06 09:30:04.388674";"2022-08-06 09:30:04.388674"
377;"yfxgx69itd";29378.4;"2022-08-06 09:30:04.413970";"2022-08-06 09:30:04.413970"
378;"bogwo2jiti";30544.9;"2022-08-06 09:30:04.439223";"2022-08-06 09:30:04.439223"
379;"2bktlv2300";21254.5;"2022-08-06 09:30:04.464640";"2022-08-06 09:30:04.464640"
380;"42r98gv6h5";27285.8;"2022-08-06 09:30:04.491167";"2022-08-06 09:30:04.491167"
381;"7nj46xrzvy";15039.3;"2022-08-06 09:30:04.511836";"2022-08-06 09:30:04.511836"
382;"l8umlz87zj";21417.2;"2022-08-06 09:30:04.532271";"2022-08-06 09:30:04.532271"
383;"sgt9rh43n4";21118.2;"2022-08-06 09:30:04.551603";"2022-08-06 09:30:04.551603"
384;"va1vlsdunl";27427.4;"2022-08-06 09:30:04.570720";"2022-08-06 09:30:04.570720"
385;"iwycfxvsap";19748.1;"2022-08-06 09:30:04.589578";"2022-08-06 09:30:04.589578"
386;"h7mxx51ebu";24533.2;"2022-08-06 09:30:04.604567";"2022-08-06 09:30:04.604567"
387;"5r0zh4dfue";14029.2;"2022-08-06 09:30:04.634680";"2022-08-06 09:30:04.634680"
388;"rtst05brh0";20957.9;"2022-08-06 09:30:04.663616";"2022-08-06 09:30:04.663616"
389;"w6iw4z5gf9";26484.5;"2022-08-06 09:30:04.692956";"2022-08-06 09:30:04.692956"
390;"erl6mlz52c";24060.1;"2022-08-06 09:30:04.720225";"2022-08-06 09:30:04.720225"
391;"ijy8bnr2k0";18723.6;"2022-08-06 09:30:04.742273";"2022-08-06 09:30:04.742273"
392;"4l1wrlqfq1";31212.0;"2022-08-06 09:30:04.771469";"2022-08-06 09:30:04.771469"
393;"ahz18433b3";22360.4;"2022-08-06 09:30:04.799963";"2022-08-06 09:30:04.799963"
394;"jii1h4arik";23495.8;"2022-08-06 09:30:04.819743";"2022-08-06 09:30:04.819743"
395;"cn7f1wzfub";13997.0;"2022-08-06 09:30:04.837206";"2022-08-06 09:30:04.837206"
396;"esiy70rue3";19970.0;"2022-08-06 09:30:04.855905";"2022-08-06 09:30:04.855905"
397;"ctf95ctfmp";22010.0;"2022-08-06 09:30:04.876790";"2022-08-06 09:30:04.876790"
398;"vlohrzqj44";27584.5;"2022-08-06 09:30:04.895043";"2022-08-06 09:30:04.895043"
399;"vkez8yac1t";23629.8;"2022-08-06 09:30:04.922790";"2022-08-06 09:30:04.922790"
400;"986occfqyg";22863.9;"2022-08-06 09:30:04.954283";"2022-08-06 09:30:04.954283"
401;"76bs2l6krw";25933.8;"2022-08-06 09:30:04.979889";"2022-08-06 09:30:04.979889"
402;"ds0w2g805h";15979.9;"2022-08-06 09:30:04.999083";"2022-08-06 09:30:04.999083"
403;"oatgt1skx7";18632.4;"2022-08-06 09:30:05.018353";"2022-08-06 09:30:05.018353"
404;"wz3ib12k0l";28683.3;"2022-08-06 09:30:05.037090";"2022-08-06 09:30:05.037090"
405;"unmgtydy48";27425.8;"2022-08-06 09:30:05.060521";"2022-08-06 09:30:05.060521"
406;"366nk5i6k2";20315.6;"2022-08-06 09:30:05.080660";"2022-08-06 09:30:05.080660"
407;"wwzy87d0oz";23769.7;"2022-08-06 09:30:05.104058";"2022-08-06 09:30:05.104058"
408;"a2d6k861qz";26360.4;"2022-08-06 09:30:05.122593";"2022-08-06 09:30:05.122593"
409;"8fehkmzege";21917.4;"2022-08-06 09:30:05.144399";"2022-08-06 09:30:05.144399"
410;"jf1thjy8vi";23442.0;"2022-08-06 09:30:05.166350";"2022-08-06 09:30:05.166350"
411;"y8wcns4l36";27524.9;"2022-08-06 09:30:05.185821";"2022-08-06 09:30:05.185821"
412;"je5vtmr0z7";23741.1;"2022-08-06 09:30:05.204182";"2022-08-06 09:30:05.204182"
413;"x3dflmb44c";30218.8;"2022-08-06 09:30:05.221432";"2022-08-06 09:30:05.221432"
414;"pci4yxl468";16154.5;"2022-08-06 09:30:05.250769";"2022-08-06 09:30:05.250769"
415;"tn5bgcmucw";21212.9;"2022-08-06 09:30:05.282513";"2022-08-06 09:30:05.282513"
416;"uevssn37y7";24440.7;"2022-08-06 09:30:05.309690";"2022-08-06 09:30:05.309690"
417;"z84mkcaymc";18194.8;"2022-08-06 09:30:05.328928";"2022-08-06 09:30:05.328928"
418;"pkie0i0gww";24696.9;"2022-08-06 09:30:05.349772";"2022-08-06 09:30:05.349772"
419;"74ghe0jax1";21538.1;"2022-08-06 09:30:05.368599";"2022-08-06 09:30:05.368599"
420;"vwxewckjbz";19375.1;"2022-08-06 09:30:05.386889";"2022-08-06 09:30:05.386889"
421;"bj5wu5f36i";18628.1;"2022-08-06 09:30:05.405258";"2022-08-06 09:30:05.405258"
422;"d7acoxdjd3";25104.2;"2022-08-06 09:30:05.434069";"2022-08-06 09:30:05.434069"
423;"uaauukr60g";20397.1;"2022-08-06 09:30:05.453605";"2022-08-06 09:30:05.453605"
424;"mpurfos2b2";19205.2;"2022-08-06 09:30:05.471877";"2022-08-06 09:30:05.471877"
425;"4n5dkze3u7";21993.3;"2022-08-06 09:30:05.490363";"2022-08-06 09:30:05.490363"
426;"a3sjfgk47u";19551.0;"2022-08-06 09:30:05.512073";"2022-08-06 09:30:05.512073"
427;"uaxobsolim";23626.1;"2022-08-06 09:30:05.531626";"2022-08-06 09:30:05.531626"
428;"hpls1z7416";22203.2;"2022-08-06 09:30:05.551196";"2022-08-06 09:30:05.551196"
429;"dkt6pr9ewc";17021.2;"2022-08-06 09:30:05.569879";"2022-08-06 09:30:05.569879"
430;"5y1azt1qq6";19444.9;"2022-08-06 09:30:05.588893";"2022-08-06 09:30:05.588893"
431;"zgjkk2w41p";27798.0;"2022-08-06 09:30:05.607498";"2022-08-06 09:30:05.607498"
432;"7recdeim93";18540.0;"2022-08-06 09:30:05.628483";"2022-08-06 09:30:05.628483"
433;"vrq0b8eazd";22131.9;"2022-08-06 09:30:05.648497";"2022-08-06 09:30:05.648497"
434;"humqyqtzwf";18325.6;"2022-08-06 09:30:05.671914";"2022-08-06 09:30:05.671914"
435;"175z7j0adf";17750.9;"2022-08-06 09:30:05.707614";"2022-08-06 09:30:05.707614"
436;"e0ipin7zhk";28103.5;"2022-08-06 09:30:05.741736";"2022-08-06 09:30:05.741736"
437;"5okw1bb1ie";29491.8;"2022-08-06 09:30:05.767802";"2022-08-06 09:30:05.767802"
438;"wzn3z7e9a2";24920.4;"2022-08-06 09:30:05.793711";"2022-08-06 09:30:05.793711"
439;"7a98lfdfp5";30168.3;"2022-08-06 09:30:05.819819";"2022-08-06 09:30:05.819819"
440;"thwh6b12r2";22858.0;"2022-08-06 09:30:05.839617";"2022-08-06 09:30:05.839617"
441;"80m2rszllz";23554.7;"2022-08-06 09:30:05.860994";"2022-08-06 09:30:05.860994"
442;"4pk09dao5o";22749.4;"2022-08-06 09:30:05.885475";"2022-08-06 09:30:05.885475"
443;"7bpyf0i71c";21269.0;"2022-08-06 09:30:05.904251";"2022-08-06 09:30:05.904251"
444;"ndmk6h5syj";24185.4;"2022-08-06 09:30:05.924803";"2022-08-06 09:30:05.924803"
445;"lnc7ca0z2l";13971.9;"2022-08-06 09:30:05.943936";"2022-08-06 09:30:05.943936"
446;"b87hy2plm0";18389.3;"2022-08-06 09:30:05.963366";"2022-08-06 09:30:05.963366"
447;"57avkzun6j";19411.8;"2022-08-06 09:30:05.980740";"2022-08-06 09:30:05.980740"
448;"r3q6gglkhk";18892.3;"2022-08-06 09:30:05.996376";"2022-08-06 09:30:05.996376"
449;"m6sbgpa2l4";28980.8;"2022-08-06 09:30:06.013714";"2022-08-06 09:30:06.013714"
450;"u4j01e8h2s";19918.7;"2022-08-06 09:30:06.040899";"2022-08-06 09:30:06.040899"
451;"bhn7dfk2e7";24940.0;"2022-08-06 09:30:06.066938";"2022-08-06 09:30:06.066938"
452;"65owjqdc67";54842.7;"2022-08-06 09:30:06.104220";"2022-08-06 09:30:06.104220"
453;"dp188whwz0";55245.4;"2022-08-06 09:30:06.129886";"2022-08-06 09:30:06.129886"
454;"dogu9ue4h7";55486.0;"2022-08-06 09:30:06.153770";"2022-08-06 09:30:06.153770"
455;"br6lzikr2s";54866.9;"2022-08-06 09:30:06.180552";"2022-08-06 09:30:06.180552"
456;"znuu3myqgi";54811.0;"2022-08-06 09:30:06.205996";"2022-08-06 09:30:06.205996"
457;"2qwgtmktxa";55038.8;"2022-08-06 09:30:06.231427";"2022-08-06 09:30:06.231427"
458;"t1anvrccs0";54781.4;"2022-08-06 09:30:06.254005";"2022-08-06 09:30:06.254005"
459;"4re1zw53tp";54795.6;"2022-08-06 09:30:06.280343";"2022-08-06 09:30:06.280343"
460;"ch51mslu3e";55228.0;"2022-08-06 09:30:06.303773";"2022-08-06 09:30:06.303773"
461;"r6c2fw9vl2";54990.3;"2022-08-06 09:30:06.323125";"2022-08-06 09:30:06.323125"
462;"iymoxrar1a";54527.8;"2022-08-06 09:30:06.341728";"2022-08-06 09:30:06.341728"
463;"f2syvmqkjz";54763.1;"2022-08-06 09:30:06.358728";"2022-08-06 09:30:06.358728"
464;"82pedvu1n6";54544.5;"2022-08-06 09:30:06.376383";"2022-08-06 09:30:06.376383"
465;"iw49vu6gup";54631.5;"2022-08-06 09:30:06.392807";"2022-08-06 09:30:06.392807"
466;"o8l9gcxv0l";54409.0;"2022-08-06 09:30:06.410145";"2022-08-06 09:30:06.410145"
467;"yd9orsy3ki";54972.9;"2022-08-06 09:30:06.437020";"2022-08-06 09:30:06.437020"
468;"6a5wtijxhn";54821.3;"2022-08-06 09:30:06.465623";"2022-08-06 09:30:06.465623"
469;"k4bc28q48x";54797.4;"2022-08-06 09:30:06.494324";"2022-08-06 09:30:06.494324"
470;"m9h3xpz8lf";55099.2;"2022-08-06 09:30:06.524917";"2022-08-06 09:30:06.524917"
471;"m9agl57qle";54898.8;"2022-08-06 09:30:06.556637";"2022-08-06 09:30:06.556637"
472;"106z0w1q4r";54563.2;"2022-08-06 09:30:06.585725";"2022-08-06 09:30:06.585725"
473;"8ur532rw0s";54691.7;"2022-08-06 09:30:06.613358";"2022-08-06 09:30:06.613358"
474;"if1nyty151";54589.1;"2022-08-06 09:30:06.636874";"2022-08-06 09:30:06.636874"
475;"lxmhqllcx9";54297.9;"2022-08-06 09:30:06.662175";"2022-08-06 09:30:06.662175"
476;"mc27j63eh8";55198.5;"2022-08-06 09:30:06.689748";"2022-08-06 09:30:06.689748"
477;"5nrh10nlpa";55170.3;"2022-08-06 09:30:06.713929";"2022-08-06 09:30:06.713929"
478;"vw1mf8aiuf";55137.3;"2022-08-06 09:30:06.740423";"2022-08-06 09:30:06.740423"
479;"n7w0wa9ibh";55003.4;"2022-08-06 09:30:06.763630";"2022-08-06 09:30:06.763630"
480;"csostu18p7";54690.8;"2022-08-06 09:30:06.786184";"2022-08-06 09:30:06.786184"
481;"1q3qas5dbp";54781.9;"2022-08-06 09:30:06.818579";"2022-08-06 09:30:06.818579"
482;"ixc8nr6pu5";54888.5;"2022-08-06 09:30:06.848841";"2022-08-06 09:30:06.848841"
483;"6b77pwirko";55228.1;"2022-08-06 09:30:06.870178";"2022-08-06 09:30:06.870178"
484;"wjnl8xoubu";55488.9;"2022-08-06 09:30:06.895344";"2022-08-06 09:30:06.895344"
485;"6ey7fxikjh";55254.2;"2022-08-06 09:30:06.918237";"2022-08-06 09:30:06.918237"
486;"7sfql4wf7u";54672.9;"2022-08-06 09:30:06.941883";"2022-08-06 09:30:06.941883"
487;"my0l5ecqf3";54839.2;"2022-08-06 09:30:06.966971";"2022-08-06 09:30:06.966971"
488;"9mhm6efvyb";55223.4;"2022-08-06 09:30:06.993287";"2022-08-06 09:30:06.993287"
489;"6iva3zz6rz";55407.5;"2022-08-06 09:30:07.016614";"2022-08-06 09:30:07.016614"
490;"9w5ygbi8jp";54863.7;"2022-08-06 09:30:07.034745";"2022-08-06 09:30:07.034745"
491;"6tld6djcmn";54282.2;"2022-08-06 09:30:07.050157";"2022-08-06 09:30:07.050157"
492;"odxum49386";54319.8;"2022-08-06 09:30:07.068674";"2022-08-06 09:30:07.068674"
493;"2qx25gvom9";54832.6;"2022-08-06 09:30:07.084157";"2022-08-06 09:30:07.084157"
494;"7nis0liwf6";55091.9;"2022-08-06 09:30:07.101487";"2022-08-06 09:30:07.101487"
495;"ob3m7c55h3";54972.8;"2022-08-06 09:30:07.115392";"2022-08-06 09:30:07.115392"
496;"aed7a7u1yw";54614.9;"2022-08-06 09:30:07.128338";"2022-08-06 09:30:07.128338"
497;"7palj5znld";54907.6;"2022-08-06 09:30:07.143289";"2022-08-06 09:30:07.143289"
498;"meryw7xrb1";55172.3;"2022-08-06 09:30:07.156749";"2022-08-06 09:30:07.156749"
499;"ymecg5u491";55247.3;"2022-08-06 09:30:07.169100";"2022-08-06 09:30:07.169100"
500;"1xuzojg70d";55377.4;"2022-08-06 09:30:07.182606";"2022-08-06 09:30:07.182606"
501;"loajc2ztkp";54994.0;"2022-08-06 09:30:07.196074";"2022-08-06 09:30:07.196074"
502;"x1lpw0j8p9";55264.2;"2022-08-06 09:30:07.209590";"2022-08-06 09:30:07.209590"
503;"sc0jxbs4wl";54860.2;"2022-08-06 09:30:07.222868";"2022-08-06 09:30:07.222868"
504;"c3kjwqpu0a";54507.0;"2022-08-06 09:30:07.235459";"2022-08-06 09:30:07.235459"
505;"7eukgx9b5p";55054.7;"2022-08-06 09:30:07.252070";"2022-08-06 09:30:07.252070"
506;"atileg970p";54708.1;"2022-08-06 09:30:07.265424";"2022-08-06 09:30:07.265424"
507;"6qt1pigohi";54799.9;"2022-08-06 09:30:07.286243";"2022-08-06 09:30:07.286243"
508;"54ivajh632";55642.1;"2022-08-06 09:30:07.318615";"2022-08-06 09:30:07.318615"
509;"fjhm2qfak8";54419.0;"2022-08-06 09:30:07.344103";"2022-08-06 09:30:07.344103"
510;"p4jjge2a2m";55278.9;"2022-08-06 09:30:07.369377";"2022-08-06 09:30:07.369377"
511;"1c5w8yn5yl";54845.0;"2022-08-06 09:30:07.387680";"2022-08-06 09:30:07.387680"
512;"8qwtb9ep1f";54357.5;"2022-08-06 09:30:07.405160";"2022-08-06 09:30:07.405160"
513;"zo34tai7y0";55090.9;"2022-08-06 09:30:07.420642";"2022-08-06 09:30:07.420642"
514;"v7857ql8gb";55068.4;"2022-08-06 09:30:07.436548";"2022-08-06 09:30:07.436548"
515;"cr6fm6w9fs";55096.9;"2022-08-06 09:30:07.452587";"2022-08-06 09:30:07.452587"
516;"d54jiovlpd";54536.0;"2022-08-06 09:30:07.468683";"2022-08-06 09:30:07.468683"
517;"duy13rhqg4";55117.1;"2022-08-06 09:30:07.484492";"2022-08-06 09:30:07.484492"
518;"2y1f40ye4j";54812.5;"2022-08-06 09:30:07.503966";"2022-08-06 09:30:07.503966"
519;"wm6yfb94u4";54974.6;"2022-08-06 09:30:07.530561";"2022-08-06 09:30:07.530561"
520;"74gbc2uhpu";55777.0;"2022-08-06 09:30:07.558399";"2022-08-06 09:30:07.558399"
521;"kj3sooagbu";54757.0;"2022-08-06 09:30:07.585670";"2022-08-06 09:30:07.585670"
522;"gt22qb89fr";54551.6;"2022-08-06 09:30:07.611663";"2022-08-06 09:30:07.611663"
523;"910cdv4fq6";55004.4;"2022-08-06 09:30:07.636385";"2022-08-06 09:30:07.636385"
524;"x9acdweot7";55266.3;"2022-08-06 09:30:07.661857";"2022-08-06 09:30:07.661857"
525;"enwow0ajn7";55103.0;"2022-08-06 09:30:07.687721";"2022-08-06 09:30:07.687721"
526;"rb5dstsrrr";54756.1;"2022-08-06 09:30:07.714627";"2022-08-06 09:30:07.714627"
527;"yo3okbm3ih";55206.9;"2022-08-06 09:30:07.739011";"2022-08-06 09:30:07.739011"
528;"dmhhw8hnwo";55226.5;"2022-08-06 09:30:07.764756";"2022-08-06 09:30:07.764756"
529;"szlrqnak2k";55478.4;"2022-08-06 09:30:07.790285";"2022-08-06 09:30:07.790285"
530;"tsty2ifaho";55083.3;"2022-08-06 09:30:07.810753";"2022-08-06 09:30:07.810753"
531;"dj6632bz70";54709.2;"2022-08-06 09:30:07.828320";"2022-08-06 09:30:07.828320"
532;"aydtv55him";54991.9;"2022-08-06 09:30:07.844354";"2022-08-06 09:30:07.844354"
533;"607jqo2p5l";54943.0;"2022-08-06 09:30:07.859866";"2022-08-06 09:30:07.859866"
534;"j6dj3tzpnn";54950.8;"2022-08-06 09:30:07.882982";"2022-08-06 09:30:07.882982"
535;"guw5w47wl9";55466.4;"2022-08-06 09:30:07.909735";"2022-08-06 09:30:07.909735"
536;"eotovc3q30";55275.6;"2022-08-06 09:30:07.936652";"2022-08-06 09:30:07.936652"
537;"cy0p3rg8qb";55166.4;"2022-08-06 09:30:07.964832";"2022-08-06 09:30:07.964832"
538;"n9i8r38h8t";55074.5;"2022-08-06 09:30:07.993952";"2022-08-06 09:30:07.993952"
539;"0dfa48vrrb";55595.1;"2022-08-06 09:30:08.017139";"2022-08-06 09:30:08.017139"
540;"9ncif646ru";54743.3;"2022-08-06 09:30:08.031282";"2022-08-06 09:30:08.031282"
541;"mgcrus5c4g";54563.2;"2022-08-06 09:30:08.050459";"2022-08-06 09:30:08.050459"
542;"hepis7o6em";82905.2;"2022-08-06 09:30:08.072084";"2022-08-06 09:30:08.072084"
543;"yfdmb2rh18";79457.7;"2022-08-06 09:30:08.087299";"2022-08-06 09:30:08.087299"
544;"ok4c2e4jqd";83049.5;"2022-08-06 09:30:08.100292";"2022-08-06 09:30:08.100292"
545;"pt2pmmuqtb";75978.8;"2022-08-06 09:30:08.115318";"2022-08-06 09:30:08.115318"
546;"wmznzmn7qr";86090.9;"2022-08-06 09:30:08.128254";"2022-08-06 09:30:08.128254"
547;"ikuvams2qh";85588.4;"2022-08-06 09:30:08.142997";"2022-08-06 09:30:08.142997"
548;"ejgrd3lnxs";76797.1;"2022-08-06 09:30:08.156176";"2022-08-06 09:30:08.156176"
549;"ezsvkhwa4p";77077.4;"2022-08-06 09:30:08.171120";"2022-08-06 09:30:08.171120"
550;"uca3fzz6qg";89308.5;"2022-08-06 09:30:08.183737";"2022-08-06 09:30:08.183737"
551;"uqr1b9n6uw";75398.1;"2022-08-06 09:30:08.200721";"2022-08-06 09:30:08.200721"
552;"jbclcuvd9m";98998.6;"2022-08-06 09:30:08.220773";"2022-08-06 09:30:08.220773"
553;"0m2fk8idi5";84759.0;"2022-08-06 09:30:08.244653";"2022-08-06 09:30:08.244653"
554;"8zh8vxxwac";71700.6;"2022-08-06 09:30:08.269577";"2022-08-06 09:30:08.269577"
555;"s11jyxx4v3";79537.4;"2022-08-06 09:30:08.294005";"2022-08-06 09:30:08.294005"
556;"8botbmn29y";95741.3;"2022-08-06 09:30:08.314398";"2022-08-06 09:30:08.314398"
557;"rkylestddo";73174.5;"2022-08-06 09:30:08.346305";"2022-08-06 09:30:08.346305"
558;"r99ldqb1uw";82222.6;"2022-08-06 09:30:08.374275";"2022-08-06 09:30:08.374275"
559;"g95dc74don";85135.6;"2022-08-06 09:30:08.396938";"2022-08-06 09:30:08.396938"
560;"e6bryrvhxh";83271.8;"2022-08-06 09:30:08.421529";"2022-08-06 09:30:08.421529"
561;"i7msdmu9n3";86660.2;"2022-08-06 09:30:08.448454";"2022-08-06 09:30:08.448454"
562;"grutx9vx8w";86220.8;"2022-08-06 09:30:08.473736";"2022-08-06 09:30:08.473736"
563;"0x83fqqap0";78127.7;"2022-08-06 09:30:08.500319";"2022-08-06 09:30:08.500319"
564;"m7ab1g7v2w";77863.5;"2022-08-06 09:30:08.527813";"2022-08-06 09:30:08.527813"
565;"49zb3c3erp";82570.7;"2022-08-06 09:30:08.555921";"2022-08-06 09:30:08.555921"
566;"ua2y10dz1x";90250.4;"2022-08-06 09:30:08.577159";"2022-08-06 09:30:08.577159"
567;"7ruqsmwrpd";74424.4;"2022-08-06 09:30:08.600960";"2022-08-06 09:30:08.600960"
568;"v64s17erpd";92206.2;"2022-08-06 09:30:08.625566";"2022-08-06 09:30:08.625566"
569;"6uppzoxisa";85040.6;"2022-08-06 09:30:08.660608";"2022-08-06 09:30:08.660608"
570;"6bw5unstfk";65175.0;"2022-08-06 09:30:08.685803";"2022-08-06 09:30:08.685803"
571;"26eq2jm83k";86021.7;"2022-08-06 09:30:08.711635";"2022-08-06 09:30:08.711635"
572;"njbcabac6x";71194.5;"2022-08-06 09:30:08.737823";"2022-08-06 09:30:08.737823"
573;"a6hgxmuy66";95642.4;"2022-08-06 09:30:08.764972";"2022-08-06 09:30:08.764972"
574;"0g9jr0p7ss";86154.7;"2022-08-06 09:30:08.791385";"2022-08-06 09:30:08.791385"
575;"o1o8btrv67";81689.2;"2022-08-06 09:30:08.820235";"2022-08-06 09:30:08.820235"
576;"oq9o8vm152";87056.1;"2022-08-06 09:30:08.846153";"2022-08-06 09:30:08.846153"
577;"otw6k3kpb1";82262.6;"2022-08-06 09:30:08.873375";"2022-08-06 09:30:08.873375"
578;"q134ctijhl";69970.0;"2022-08-06 09:30:08.895798";"2022-08-06 09:30:08.895798"
579;"deeklleno2";87655.4;"2022-08-06 09:30:08.912448";"2022-08-06 09:30:08.912448"
580;"5z8cidkvzc";88317.6;"2022-08-06 09:30:08.928987";"2022-08-06 09:30:08.928987"
581;"ohy7ce4ni9";77650.6;"2022-08-06 09:30:08.946278";"2022-08-06 09:30:08.946278"
582;"96e8zhj3v3";69742.5;"2022-08-06 09:30:08.959590";"2022-08-06 09:30:08.959590"
583;"us7x8ms137";70375.9;"2022-08-06 09:30:08.974538";"2022-08-06 09:30:08.974538"
584;"g96t37qhpx";80602.9;"2022-08-06 09:30:08.988182";"2022-08-06 09:30:08.988182"
585;"hsw7dwmi10";75209.2;"2022-08-06 09:30:09.002407";"2022-08-06 09:30:09.002407"
586;"q8f88s7htj";91551.5;"2022-08-06 09:30:09.016147";"2022-08-06 09:30:09.016147"
587;"aj0djtcz95";86003.9;"2022-08-06 09:30:09.034021";"2022-08-06 09:30:09.034021"
588;"6v6cqrm8zi";95117.2;"2022-08-06 09:30:09.055975";"2022-08-06 09:30:09.055975"
589;"3d9nntx4jw";80968.2;"2022-08-06 09:30:09.078173";"2022-08-06 09:30:09.078173"
590;"6u70kz7s48";95772.0;"2022-08-06 09:30:09.100226";"2022-08-06 09:30:09.100226"
591;"c0dkknsfun";79462.2;"2022-08-06 09:30:09.122851";"2022-08-06 09:30:09.122851"
592;"kwl226ka52";86487.1;"2022-08-06 09:30:09.148637";"2022-08-06 09:30:09.148637"
593;"6ty5ds32gp";89250.4;"2022-08-06 09:30:09.178146";"2022-08-06 09:30:09.178146"
594;"khgbdrb7ke";88110.8;"2022-08-06 09:30:09.206416";"2022-08-06 09:30:09.206416"
595;"zx846bhsey";99239.2;"2022-08-06 09:30:09.237717";"2022-08-06 09:30:09.237717"
596;"nof8fve8fz";85295.2;"2022-08-06 09:30:09.265458";"2022-08-06 09:30:09.265458"
597;"typtwwhdyo";91718.5;"2022-08-06 09:30:09.293347";"2022-08-06 09:30:09.293347"
598;"8joqw6cf9m";65317.2;"2022-08-06 09:30:09.321244";"2022-08-06 09:30:09.321244"
599;"eoptm00u1d";76579.3;"2022-08-06 09:30:09.348986";"2022-08-06 09:30:09.348986"
600;"p92oi9vwn9";88257.4;"2022-08-06 09:30:09.374993";"2022-08-06 09:30:09.374993"
601;"ljhp7v5t4d";79063.7;"2022-08-06 09:30:09.401657";"2022-08-06 09:30:09.401657"
602;"kyo110sv68";73858.1;"2022-08-06 09:30:09.427488";"2022-08-06 09:30:09.427488"
603;"zc6c52hkxs";90287.2;"2022-08-06 09:30:09.452986";"2022-08-06 09:30:09.452986"
604;"15u8svhck8";77326.7;"2022-08-06 09:30:09.479272";"2022-08-06 09:30:09.479272"
605;"cw1hbrmg4p";73331.5;"2022-08-06 09:30:09.507653";"2022-08-06 09:30:09.507653"
606;"eeednof02u";84011.9;"2022-08-06 09:30:09.537381";"2022-08-06 09:30:09.537381"
607;"g6xyg5356w";80633.0;"2022-08-06 09:30:09.565175";"2022-08-06 09:30:09.565175"
608;"aarx6jkkll";80223.3;"2022-08-06 09:30:09.591017";"2022-08-06 09:30:09.591017"
609;"qf9m7naaa9";87147.8;"2022-08-06 09:30:09.617348";"2022-08-06 09:30:09.617348"
610;"j38h83yxsw";90100.6;"2022-08-06 09:30:09.643129";"2022-08-06 09:30:09.643129"
611;"l7t67plavx";82862.4;"2022-08-06 09:30:09.667964";"2022-08-06 09:30:09.667964"
612;"y1jgtx5j54";71396.5;"2022-08-06 09:30:09.693955";"2022-08-06 09:30:09.693955"
613;"pficup3jlz";75584.3;"2022-08-06 09:30:09.721249";"2022-08-06 09:30:09.721249"
614;"z4mpettj20";101667.0;"2022-08-06 09:30:09.740647";"2022-08-06 09:30:09.740647"
615;"cgugusxbbn";65166.8;"2022-08-06 09:30:09.755987";"2022-08-06 09:30:09.755987"
616;"3bwjlzebz3";82494.4;"2022-08-06 09:30:09.773556";"2022-08-06 09:30:09.773556"
617;"26evyqf7k2";88427.7;"2022-08-06 09:30:09.788736";"2022-08-06 09:30:09.788736"
618;"cnl90tdeef";78619.1;"2022-08-06 09:30:09.802548";"2022-08-06 09:30:09.802548"
619;"45mmpvpvfb";95646.2;"2022-08-06 09:30:09.815732";"2022-08-06 09:30:09.815732"
620;"h2q6wxd82a";72153.2;"2022-08-06 09:30:09.829787";"2022-08-06 09:30:09.829787"
621;"2fbb3vi3r6";78570.5;"2022-08-06 09:30:09.842959";"2022-08-06 09:30:09.842959"
622;"90elrzty5z";77774.0;"2022-08-06 09:30:09.855671";"2022-08-06 09:30:09.855671"
623;"q8dbc0fstk";84939.8;"2022-08-06 09:30:09.870917";"2022-08-06 09:30:09.870917"
624;"sehefvv7f1";67846.3;"2022-08-06 09:30:09.884911";"2022-08-06 09:30:09.884911"
625;"7f6jud6l12";86520.3;"2022-08-06 09:30:09.900044";"2022-08-06 09:30:09.900044"
626;"8o7otujxjy";88180.2;"2022-08-06 09:30:09.917655";"2022-08-06 09:30:09.917655"
627;"o9tw6knkj0";91584.8;"2022-08-06 09:30:09.931787";"2022-08-06 09:30:09.931787"
628;"nt8oputu1t";88858.4;"2022-08-06 09:30:09.946883";"2022-08-06 09:30:09.946883"
629;"1juieicebz";82383.6;"2022-08-06 09:30:09.962900";"2022-08-06 09:30:09.962900"
630;"9qy13mwveo";90241.0;"2022-08-06 09:30:09.976854";"2022-08-06 09:30:09.976854"
631;"cefm1qu55k";73067.2;"2022-08-06 09:30:09.992430";"2022-08-06 09:30:09.992430"
632;"4t4bfm61fp";76766.8;"2022-08-06 09:30:10.008582";"2022-08-06 09:30:10.008582"
633;"fkmb0t4bs2";78281.5;"2022-08-06 09:30:10.024949";"2022-08-06 09:30:10.024949"
634;"qxspm3elo3";82734.2;"2022-08-06 09:30:10.050011";"2022-08-06 09:30:10.050011"
635;"b1qsbg82ox";84672.4;"2022-08-06 09:30:10.076379";"2022-08-06 09:30:10.076379"
636;"y93ydiladl";88447.9;"2022-08-06 09:30:10.105503";"2022-08-06 09:30:10.105503"
637;"qgptw0g5ps";70243.3;"2022-08-06 09:30:10.133696";"2022-08-06 09:30:10.133696"
638;"6fhqjmdozy";101648.0;"2022-08-06 09:30:10.161386";"2022-08-06 09:30:10.161386"
639;"f7cz5cxpm1";82252.8;"2022-08-06 09:30:10.183874";"2022-08-06 09:30:10.183874"
640;"73n3b7t6fv";96705.2;"2022-08-06 09:30:10.206706";"2022-08-06 09:30:10.206706"
641;"sbutnk952i";82068.0;"2022-08-06 09:30:10.230770";"2022-08-06 09:30:10.230770"
642;"teidmp41ok";67054.4;"2022-08-06 09:30:10.251311";"2022-08-06 09:30:10.251311"
643;"b5va0myl1s";93907.2;"2022-08-06 09:30:10.276761";"2022-08-06 09:30:10.276761"
644;"wc94spg98z";74362.8;"2022-08-06 09:30:10.296081";"2022-08-06 09:30:10.296081"
645;"d9apc2v46g";64289.5;"2022-08-06 09:30:10.313544";"2022-08-06 09:30:10.313544"
646;"vuozy7i1u2";84560.1;"2022-08-06 09:30:10.328223";"2022-08-06 09:30:10.328223"
647;"rnry2fwvya";92032.6;"2022-08-06 09:30:10.344699";"2022-08-06 09:30:10.344699"
648;"izymorqyip";78215.9;"2022-08-06 09:30:10.362568";"2022-08-06 09:30:10.362568"
649;"ig2b20fcan";87161.1;"2022-08-06 09:30:10.378577";"2022-08-06 09:30:10.378577"
650;"yis8bsvwhv";65702.8;"2022-08-06 09:30:10.404648";"2022-08-06 09:30:10.404648"
651;"50x20h7m2r";85237.8;"2022-08-06 09:30:10.432917";"2022-08-06 09:30:10.432917"
652;"6h6vmq1w14";85192.7;"2022-08-06 09:30:10.464348";"2022-08-06 09:30:10.464348"
653;"lf6e50tx4d";71258.8;"2022-08-06 09:30:10.490961";"2022-08-06 09:30:10.490961"
654;"asd66iqjcs";97550.6;"2022-08-06 09:30:10.520696";"2022-08-06 09:30:10.520696"
655;"o87bnza8fw";83132.5;"2022-08-06 09:30:10.553621";"2022-08-06 09:30:10.553621"
656;"ix0djzx4y6";85102.4;"2022-08-06 09:30:10.585509";"2022-08-06 09:30:10.585509"
657;"3a1dna13lu";70842.6;"2022-08-06 09:30:10.613356";"2022-08-06 09:30:10.613356"
658;"p4dw73s8y8";76442.5;"2022-08-06 09:30:10.639996";"2022-08-06 09:30:10.639996"
659;"skyqdza9hb";78911.0;"2022-08-06 09:30:10.666113";"2022-08-06 09:30:10.666113"
660;"76cjf5p3wy";73521.2;"2022-08-06 09:30:10.694215";"2022-08-06 09:30:10.694215"
661;"bsrxuq18np";74770.5;"2022-08-06 09:30:10.721000";"2022-08-06 09:30:10.721000"
662;"vcjqttttwo";79793.7;"2022-08-06 09:30:10.747342";"2022-08-06 09:30:10.747342"
663;"74qpkyqozg";82455.4;"2022-08-06 09:30:10.771971";"2022-08-06 09:30:10.771971"
664;"rq8fvj6cdx";69943.5;"2022-08-06 09:30:10.797356";"2022-08-06 09:30:10.797356"
665;"y65rb6wmse";95311.6;"2022-08-06 09:30:10.820921";"2022-08-06 09:30:10.820921"
666;"hwqwap5mal";79284.0;"2022-08-06 09:30:10.843763";"2022-08-06 09:30:10.843763"
667;"6d045ybrz2";81109.9;"2022-08-06 09:30:10.863211";"2022-08-06 09:30:10.863211"
668;"ijgf5nggub";70544.9;"2022-08-06 09:30:10.883121";"2022-08-06 09:30:10.883121"
669;"ru7jmm4t0y";68987.5;"2022-08-06 09:30:10.911399";"2022-08-06 09:30:10.911399"
670;"50a759kecm";62201.5;"2022-08-06 09:30:10.927303";"2022-08-06 09:30:10.927303"
671;"ouftqf9q62";65601.8;"2022-08-06 09:30:10.940257";"2022-08-06 09:30:10.940257"
672;"5fbqgbdpk6";69572.7;"2022-08-06 09:30:10.952813";"2022-08-06 09:30:10.952813"
673;"dk1gt7sgfb";73725.3;"2022-08-06 09:30:10.967476";"2022-08-06 09:30:10.967476"
674;"wjgf9o5jji";67071.8;"2022-08-06 09:30:10.980031";"2022-08-06 09:30:10.980031"
675;"hnmwgxbk6m";63793.5;"2022-08-06 09:30:10.994528";"2022-08-06 09:30:10.994528"
676;"ei1402ejr4";62659.9;"2022-08-06 09:30:11.005963";"2022-08-06 09:30:11.005963"
677;"4389jp6txl";67704.6;"2022-08-06 09:30:11.017560";"2022-08-06 09:30:11.017560"
678;"chqe986wrv";67724.2;"2022-08-06 09:30:11.030184";"2022-08-06 09:30:11.030184"
679;"pfg25tg5e1";65681.8;"2022-08-06 09:30:11.043885";"2022-08-06 09:30:11.043885"
680;"h0s6y9uymd";70407.1;"2022-08-06 09:30:11.057535";"2022-08-06 09:30:11.057535"
681;"cvpgl69eau";69991.2;"2022-08-06 09:30:11.070612";"2022-08-06 09:30:11.070612"
682;"n1klz00k9v";61384.5;"2022-08-06 09:30:11.084589";"2022-08-06 09:30:11.084589"
683;"xfh4ac293e";75740.9;"2022-08-06 09:30:11.103440";"2022-08-06 09:30:11.103440"
684;"ybmuq01e4w";62818.8;"2022-08-06 09:30:11.128287";"2022-08-06 09:30:11.128287"
685;"x87e1h2iel";70022.0;"2022-08-06 09:30:11.148791";"2022-08-06 09:30:11.148791"
686;"3q7x7gyk7p";60049.0;"2022-08-06 09:30:11.164208";"2022-08-06 09:30:11.164208"
687;"g2dg8sefz1";69575.0;"2022-08-06 09:30:11.178572";"2022-08-06 09:30:11.178572"
688;"4mgxummx7r";64989.1;"2022-08-06 09:30:11.201742";"2022-08-06 09:30:11.201742"
689;"0o0e39j82g";65512.6;"2022-08-06 09:30:11.218691";"2022-08-06 09:30:11.218691"
690;"q8s3vbo6x0";67380.2;"2022-08-06 09:30:11.238764";"2022-08-06 09:30:11.238764"
691;"1v27t5urvw";65570.8;"2022-08-06 09:30:11.264055";"2022-08-06 09:30:11.264055"
692;"b25odukr3n";62230.2;"2022-08-06 09:30:11.290264";"2022-08-06 09:30:11.290264"
693;"f2ybxf0pd9";68966.0;"2022-08-06 09:30:11.313992";"2022-08-06 09:30:11.313992"
694;"gziz805iso";64987.2;"2022-08-06 09:30:11.340044";"2022-08-06 09:30:11.340044"
695;"ai6uaywiri";72103.1;"2022-08-06 09:30:11.369908";"2022-08-06 09:30:11.369908"
696;"8r0ywx8vg3";72593.6;"2022-08-06 09:30:11.396216";"2022-08-06 09:30:11.396216"
697;"e81mjoc42v";70696.2;"2022-08-06 09:30:11.417536";"2022-08-06 09:30:11.417536"
698;"rv4ad8y7zx";72405.6;"2022-08-06 09:30:11.439753";"2022-08-06 09:30:11.439753"
699;"1ftxuk26gb";67918.3;"2022-08-06 09:30:11.460410";"2022-08-06 09:30:11.460410"
700;"puok48i5nc";70503.4;"2022-08-06 09:30:11.483023";"2022-08-06 09:30:11.483023"
701;"bgprrvctm0";69665.5;"2022-08-06 09:30:11.507072";"2022-08-06 09:30:11.507072"
702;"vgwwtcj3e0";66653.6;"2022-08-06 09:30:11.532828";"2022-08-06 09:30:11.532828"
703;"7wyd03cczs";0.0;"2022-08-06 09:30:11.569871";"2022-08-06 09:30:11.569871"
704;"1sqrhzw7lo";0.0;"2022-08-06 09:30:11.595381";"2022-08-06 09:30:11.595381"
705;"w1iyuw3v02";0.0;"2022-08-06 09:30:11.620008";"2022-08-06 09:30:11.620008"
706;"pbwoufsh21";0.0;"2022-08-06 09:30:11.645697";"2022-08-06 09:30:11.645697"
707;"s7r2fq00c4";0.0;"2022-08-06 09:30:11.671981";"2022-08-06 09:30:11.671981"
708;"69rj7vqxoj";0.0;"2022-08-06 09:30:11.696698";"2022-08-06 09:30:11.696698"
709;"a9g572864w";0.0;"2022-08-06 09:30:11.722059";"2022-08-06 09:30:11.722059"
710;"0vjtgq70wt";0.0;"2022-08-06 09:30:11.747935";"2022-08-06 09:30:11.747935"
711;"p7r7uf4su2";0.0;"2022-08-06 09:30:11.775608";"2022-08-06 09:30:11.775608"
712;"sgx2ezgprn";0.0;"2022-08-06 09:30:11.809437";"2022-08-06 09:30:11.809437"
713;"9j6n43qg5b";0.0;"2022-08-06 09:30:11.823971";"2022-08-06 09:30:11.823971"
714;"6b0qlxvd57";0.0;"2022-08-06 09:30:11.839378";"2022-08-06 09:30:11.839378"
715;"huxelcnvo4";0.0;"2022-08-06 09:30:11.864960";"2022-08-06 09:30:11.864960"
716;"n18lzhf8qz";0.0;"2022-08-06 09:30:11.894478";"2022-08-06 09:30:11.894478"
717;"q4en7jk9uf";0.0;"2022-08-06 09:30:11.927373";"2022-08-06 09:30:11.927373"
718;"ireii1zgs6";0.0;"2022-08-06 09:30:11.955342";"2022-08-06 09:30:11.955342"
719;"ym8wfjwxmq";0.0;"2022-08-06 09:30:11.981726";"2022-08-06 09:30:11.981726"
720;"oulj71cwns";0.0;"2022-08-06 09:30:12.009016";"2022-08-06 09:30:12.009016"
721;"lqb38igi4d";0.0;"2022-08-06 09:30:12.034335";"2022-08-06 09:30:12.034335"
722;"mdavde123a";0.0;"2022-08-06 09:30:12.060121";"2022-08-06 09:30:12.060121"
723;"gxe1lxn0rw";0.0;"2022-08-06 09:30:12.086046";"2022-08-06 09:30:12.086046"
724;"k1sh31u79c";0.0;"2022-08-06 09:30:12.111982";"2022-08-06 09:30:12.111982"
725;"r0pa1qrblh";0.0;"2022-08-06 09:30:12.137914";"2022-08-06 09:30:12.137914"
726;"96fckfux7w";0.0;"2022-08-06 09:30:12.160880";"2022-08-06 09:30:12.160880"
727;"xl1y6mtatn";0.0;"2022-08-06 09:30:12.186512";"2022-08-06 09:30:12.186512"
728;"j3iot0jot2";0.0;"2022-08-06 09:30:12.213077";"2022-08-06 09:30:12.213077"
729;"pms6ygm2p5";0.0;"2022-08-06 09:30:12.238276";"2022-08-06 09:30:12.238276"
730;"suhffkqx4n";0.0;"2022-08-06 09:30:12.261705";"2022-08-06 09:30:12.261705"
731;"26e6py0von";0.0;"2022-08-06 09:30:12.288601";"2022-08-06 09:30:12.288601"
732;"1zb14k9e0b";0.0;"2022-08-06 09:30:12.314287";"2022-08-06 09:30:12.314287"
733;"e53n9xwwkt";0.0;"2022-08-06 09:30:12.337497";"2022-08-06 09:30:12.337497"
734;"y9iy4244jf";0.0;"2022-08-06 09:30:12.366108";"2022-08-06 09:30:12.366108"
735;"rfv59thqwp";0.0;"2022-08-06 09:30:12.394267";"2022-08-06 09:30:12.394267"
736;"9wemqzv5ht";0.0;"2022-08-06 09:30:12.425801";"2022-08-06 09:30:12.425801"
737;"6nkws89pkz";0.0;"2022-08-06 09:30:12.447648";"2022-08-06 09:30:12.447648"
738;"jmvpbpw0sd";0.0;"2022-08-06 09:30:12.464498";"2022-08-06 09:30:12.464498"
739;"qfi4jt5b52";0.0;"2022-08-06 09:30:12.479322";"2022-08-06 09:30:12.479322"
740;"xf5yha8lra";0.0;"2022-08-06 09:30:12.499132";"2022-08-06 09:30:12.499132"
741;"kg6bbe3t3o";0.0;"2022-08-06 09:30:12.515829";"2022-08-06 09:30:12.515829"
742;"0h2erf0ezo";0.0;"2022-08-06 09:30:12.531767";"2022-08-06 09:30:12.531767"
743;"2xbj9hj2a5";0.0;"2022-08-06 09:30:12.547366";"2022-08-06 09:30:12.547366"
744;"7sv8dgofel";0.0;"2022-08-06 09:30:12.565061";"2022-08-06 09:30:12.565061"
745;"q66knjth7u";0.0;"2022-08-06 09:30:12.580228";"2022-08-06 09:30:12.580228"
746;"ikxfzg39u9";0.0;"2022-08-06 09:30:12.597877";"2022-08-06 09:30:12.597877"
747;"2y19rnhmle";0.0;"2022-08-06 09:30:12.613056";"2022-08-06 09:30:12.613056"
748;"uj31hdzvsa";0.0;"2022-08-06 09:30:12.637340";"2022-08-06 09:30:12.637340"
749;"77qhseow2p";0.0;"2022-08-06 09:30:12.665933";"2022-08-06 09:30:12.665933"
750;"4lqvu5btc9";0.0;"2022-08-06 09:30:12.691718";"2022-08-06 09:30:12.691718"
751;"vfxoxyo5k1";0.0;"2022-08-06 09:30:12.718120";"2022-08-06 09:30:12.718120"
752;"zezd1uless";0.0;"2022-08-06 09:30:12.745955";"2022-08-06 09:30:12.745955"
753;"nmr2c2wjn4";0.0;"2022-08-06 09:30:12.770834";"2022-08-06 09:30:12.770834"
754;"hfln7ctb61";0.0;"2022-08-06 09:30:12.794826";"2022-08-06 09:30:12.794826"
755;"71ovkcdhrk";0.0;"2022-08-06 09:30:12.823295";"2022-08-06 09:30:12.823295"
756;"jpoktmpsyt";0.0;"2022-08-06 09:30:12.852258";"2022-08-06 09:30:12.852258"
757;"jkxumgkd2a";0.0;"2022-08-06 09:30:12.872743";"2022-08-06 09:30:12.872743"
758;"52qtix406f";0.0;"2022-08-06 09:30:12.894477";"2022-08-06 09:30:12.894477"
759;"0j9usap4nw";0.0;"2022-08-06 09:30:12.914987";"2022-08-06 09:30:12.914987"
760;"femh6aro9e";0.0;"2022-08-06 09:30:12.937516";"2022-08-06 09:30:12.937516"
761;"svjd7x4mb5";0.0;"2022-08-06 09:30:12.961559";"2022-08-06 09:30:12.961559"
762;"2s7wusz986";0.0;"2022-08-06 09:30:12.988571";"2022-08-06 09:30:12.988571"
763;"p1wyi824kd";0.0;"2022-08-06 09:30:13.014754";"2022-08-06 09:30:13.014754"
764;"b1t740sfwh";0.0;"2022-08-06 09:30:13.046292";"2022-08-06 09:30:13.046292"
765;"d3dy4a7syz";0.0;"2022-08-06 09:30:13.066363";"2022-08-06 09:30:13.066363"
766;"eq7ec13rm5";0.0;"2022-08-06 09:30:13.088507";"2022-08-06 09:30:13.088507"
767;"9lyfnyqjvu";0.0;"2022-08-06 09:30:13.122734";"2022-08-06 09:30:13.122734"
768;"gymddl0t1e";0.0;"2022-08-06 09:30:13.149198";"2022-08-06 09:30:13.149198"
769;"wml1fu3lbf";0.0;"2022-08-06 09:30:13.172993";"2022-08-06 09:30:13.172993"
770;"fb99i6gq1r";0.0;"2022-08-06 09:30:13.199695";"2022-08-06 09:30:13.199695"
771;"v6vhgrziz7";0.0;"2022-08-06 09:30:13.221233";"2022-08-06 09:30:13.221233"
772;"d3j1e0m2hk";0.0;"2022-08-06 09:30:13.245426";"2022-08-06 09:30:13.245426"
773;"51sewzpeuy";0.0;"2022-08-06 09:30:13.271000";"2022-08-06 09:30:13.271000"
774;"jbrjqd2uap";0.0;"2022-08-06 09:30:13.297011";"2022-08-06 09:30:13.297011"
775;"p4kddcujhm";0.0;"2022-08-06 09:30:13.324870";"2022-08-06 09:30:13.324870"
776;"gv76unrfmu";0.0;"2022-08-06 09:30:13.349896";"2022-08-06 09:30:13.349896"
777;"cdsd34n8q8";0.0;"2022-08-06 09:30:13.370963";"2022-08-06 09:30:13.370963"
778;"gonxg07dqq";0.0;"2022-08-06 09:30:13.396588";"2022-08-06 09:30:13.396588"
779;"sr6zcka16m";0.0;"2022-08-06 09:30:13.425901";"2022-08-06 09:30:13.425901"
780;"e9wtkeeneo";0.0;"2022-08-06 09:30:13.453142";"2022-08-06 09:30:13.453142"
781;"8r465wvk80";0.0;"2022-08-06 09:30:13.477903";"2022-08-06 09:30:13.477903"
782;"t0onh8ho5f";0.0;"2022-08-06 09:30:13.501835";"2022-08-06 09:30:13.501835"
783;"zsds1f79ne";0.0;"2022-08-06 09:30:13.529244";"2022-08-06 09:30:13.529244"
784;"fiif1q9y9o";0.0;"2022-08-06 09:30:13.559168";"2022-08-06 09:30:13.559168"
785;"vz7usidsg6";0.0;"2022-08-06 09:30:13.587624";"2022-08-06 09:30:13.587624"
786;"53dobko4q7";0.0;"2022-08-06 09:30:13.608893";"2022-08-06 09:30:13.608893"
787;"61jox0yd2h";0.0;"2022-08-06 09:30:13.630303";"2022-08-06 09:30:13.630303"
788;"5yp48ygsxa";0.0;"2022-08-06 09:30:13.651603";"2022-08-06 09:30:13.651603"
789;"23ine10thc";0.0;"2022-08-06 09:30:13.673252";"2022-08-06 09:30:13.673252"
790;"wshvnlici5";0.0;"2022-08-06 09:30:13.696129";"2022-08-06 09:30:13.696129"
791;"8n2b6g4s8b";0.0;"2022-08-06 09:30:13.717689";"2022-08-06 09:30:13.717689"
792;"ba0a5b7ubx";0.0;"2022-08-06 09:30:13.744936";"2022-08-06 09:30:13.744936"
793;"d74jp4vzo2";0.0;"2022-08-06 09:30:13.772500";"2022-08-06 09:30:13.772500"
794;"5i455m8aci";0.0;"2022-08-06 09:30:13.798994";"2022-08-06 09:30:13.798994"
795;"r5u3d89whl";0.0;"2022-08-06 09:30:13.825075";"2022-08-06 09:30:13.825075"
796;"olheyy8dc0";0.0;"2022-08-06 09:30:13.847917";"2022-08-06 09:30:13.847917"
797;"fe78ewezeh";0.0;"2022-08-06 09:30:13.870081";"2022-08-06 09:30:13.870081"
798;"9c3w3lvrbg";0.0;"2022-08-06 09:30:13.892776";"2022-08-06 09:30:13.892776"
